,kv,kw,time
"(7, 7)",7,7,5.163170099258423
"(7, 8)",7,8,13.951606273651123
"(8, 7)",8,7,19.447917699813843
"(8, 8)",8,8,10.866436243057251
