,ki,kd,time
"(0, 0)",0,0,0.2083415985107422
"(0, 1)",0,1,0.20124602317810059
"(1, 0)",1,0,0.19762754440307617
"(1, 1)",1,1,0.18660283088684082
